firstName,lastName,city,state,colorName,time
Randall,Gaylord,New Gilbert,Wyoming,OrangeRed,11:42:48
Alessia,Mohr,Lake Mac,Georgia,DimGrey,19:39:13
Mateo,Gottlieb,Port Cortney,Michigan,Black,19:21:58
Guy,Connelly,Funkville,Georgia,Aqua,00:45:14
Sarah,Bergnaum,Anabelleport,New Mexico,Coral,18:07:23
Hassan,Kirlin,Torphyton,South Dakota,Coral,02:30:12
Zoey,Conroy,Lake Rebecafort,Arkansas,Indigo,08:38:20
Roslyn,Johns,Altaburgh,Oregon,BlanchedAlmond,22:25:26
Dallas,Skiles,Port Adrienneburgh,Tennessee,Aqua,00:42:42
Chasity,Kshlerin,West Frederik,Washington,Lime,13:32:18
Fernando,Lang,Kyleighmouth,Idaho,Orange,05:50:07
Seth,Dibbert,Trantowview,California,LightCyan,17:36:15
Jaquelin,Rutherford,Port Cathrinemouth,Oregon,LightSteelBlue,16:19:31
Idell,Bergstrom,West Huntermouth,Hawaii,Ivory,09:55:09
Turner,Stracke,New Will,South Carolina,RoyalBlue,15:45:25
Concepcion,Watsica,New Brielleland,California,DarkViolet,22:12:22
Marielle,Howe,Howardhaven,Idaho,Magenta,10:51:20
Felton,Kuhlman,Port Janiceland,New Hampshire,PaleGreen,20:24:39
Evangeline,Nitzsche,West Janmouth,New Jersey,Violet,12:03:37
Abner,Kohler,Arelychester,Washington,MediumPurple,23:11:51
Kenny,Bode,North Newellside,Washington,Beige,19:21:50
Omer,Terry,Port Kacie,Virginia,DarkBlue,02:09:04
Taurean,Runolfsdottir,East Emeryville,North Carolina,Olive,01:49:39
Grace,Hand,Lake Anne,North Dakota,Linen,16:50:26
Alverta,Keebler,New Ameliebury,Pennsylvania,Beige,20:30:41
Destin,Harber,West Rachelle,Indiana,Chartreuse,19:04:26
Reba,Torp,Deionside,Colorado,SteelBlue,16:31:46
Ottilie,Jaskolski,North Arden,Maryland,MediumVioletRed,10:17:05
Mateo,Halvorson,Myriamborough,Ohio,GreenYellow,08:25:45
Kurtis,Schiller,Celestineburgh,Maryland,OliveDrab,22:01:53
Maya,Orn,North Araside,Colorado,SandyBrown,21:20:06
Danielle,Daugherty,Johnsonbury,Tennessee,DeepSkyBlue,22:59:51
Christy,Franecki,Marquiseborough,Idaho,LimeGreen,09:42:04
Elian,Heller,Lake Antwanbury,Missouri,NavajoWhite,07:48:11
Kendrick,Marvin,Connorside,Connecticut,Cornsilk,05:32:10
Bernita,Stokes,South Mariannaside,Oregon,CornflowerBlue,18:56:46
Gwen,Hartmann,Quentinhaven,New Mexico,PaleVioletRed,10:27:02
Camron,Price,North Jodymouth,Arizona,LightCyan,06:04:59
Granville,Jaskolski,Ariannamouth,Missouri,PaleGreen,03:32:13
Jairo,Emmerich,Jaleelland,Illinois,Cornsilk,06:04:56
Renee,Krajcik,Faheyport,Colorado,Gainsboro,15:00:41
Garett,Koch,Urielstad,Oregon,MediumAquaMarine,02:38:44
Betsy,Kulas,Ernserville,Missouri,Ivory,08:05:07
Sarai,Shanahan,Lake Judeberg,South Dakota,Plum,19:37:25
Janick,Botsford,New Macy,Virginia,Black,13:14:16
Sonya,Dibbert,North Rod,Wyoming,Orange,09:11:52
Josefina,Rau,Lake Amya,Maryland,Violet,00:46:42
Flossie,Swaniawski,North Brauliomouth,South Carolina,Aquamarine,12:50:57
Clyde,Jacobi,Tillmanburgh,North Carolina,Khaki,14:15:42
Maximilian,Huels,Lake Sheldon,Ohio,Maroon,08:03:41
Misael,Corkery,Nicoleview,Mississippi,DarkGray,03:18:57
Enola,Stamm,East Lula,District of Columbia,PeachPuff,23:28:27
Cristobal,Schowalter,South Freddy,Montana,MediumPurple,12:17:46
Juanita,Durgan,Denesikfort,New Mexico,CadetBlue,11:51:01
Elenor,Legros,East Hellen,Nebraska,LightGoldenRodYellow,05:07:02
Josie,Kirlin,North Zula,Idaho,Cornsilk,00:36:23
Hailey,Franecki,East Oren,Oklahoma,MediumSeaGreen,14:37:49
Marjorie,Kassulke,Judsonville,New Jersey,CadetBlue,06:39:16
Yazmin,Veum,Orieborough,Alaska,DarkOrchid,10:09:33
Wilson,DuBuque,Maidaburgh,Wisconsin,Peru,02:29:22
Wilton,Kuhic,East Danialton,Montana,Darkorange,21:48:44
Curt,Morar,East Colton,Georgia,DeepPink,17:05:52
Gust,Nikolaus,East Veronica,New York,CornflowerBlue,03:17:30
Arlo,Graham,Caspershire,Virginia,NavajoWhite,01:06:20
Flossie,Waters,Bethhaven,New Hampshire,Chartreuse,05:09:16
Royal,Fay,Trevorville,District of Columbia,LightBlue,08:38:49
Jamie,Hamill,Donnieton,Louisiana,Brown,16:04:59
Gustave,Anderson,East Aidan,Hawaii,Chartreuse,09:37:31
Erling,Medhurst,Reeseport,District of Columbia,Green,04:38:02
Ally,Lakin,South Adolf,Arizona,Blue,21:34:54
Riley,Dietrich,East Annabelleberg,Maryland,LightSkyBlue,02:21:39
Candice,Beer,Altheatown,Wisconsin,Linen,08:11:55
Mavis,Schuppe,West Kaseytown,Wisconsin,MediumTurquoise,09:23:57
Noble,Swaniawski,Cruickshankland,Nevada,White,01:30:34
Jakayla,Hirthe,South Esteban,Connecticut,DarkOrchid,09:01:08
Robyn,Friesen,Carlieberg,Ohio,MediumSeaGreen,15:04:38
Elliot,Miller,Kosstown,New Mexico,Brown,22:42:47
Micah,Christiansen,Troyburgh,Oregon,DarkRed,03:47:44
Pierre,Durgan,North Naomi,Maine,Darkorange,13:35:39
Dorian,Jakubowski,Olsonburgh,Idaho,MidnightBlue,19:39:03
Jadon,McLaughlin,East Thadtown,Utah,Gainsboro,12:29:59
Lourdes,Armstrong,New Anastacio,District of Columbia,Navy,06:55:34
Dorothy,Simonis,East Bobby,Michigan,SaddleBrown,14:05:08
Carlos,Rolfson,Morissettestad,Maryland,MediumTurquoise,06:28:39
Queenie,Block,North Griffinhaven,Missouri,SandyBrown,03:48:07
Ariane,Hirthe,South Kellen,Utah,DarkOrchid,12:59:36
Noelia,Koch,Torpton,Maine,DarkKhaki,05:45:52
Maiya,Schmeler,Joneschester,Virginia,Salmon,03:15:11
Rosetta,Hudson,Wiegandview,Nevada,HotPink,07:30:11
Eudora,Brakus,South Queenview,Pennsylvania,Navy,17:34:20
Iliana,Leannon,Tremblaystad,Virginia,DarkGoldenRod,17:00:30
Angelina,Emard,Haagborough,Nevada,DarkSeaGreen,12:05:55
Isac,Gottlieb,West Emiestad,California,HotPink,12:48:26
Yvonne,Schneider,Reingerfort,Washington,Blue,20:08:36
Marisol,Spencer,New Eltonland,Kentucky,MintCream,14:30:49
Petra,Christiansen,North Antone,Idaho,Thistle,04:22:25
Gia,Friesen,Wilkinsonshire,New Hampshire,Salmon,14:43:14
Vernon,Abernathy,New Haileyview,Vermont,LightGray,20:07:12
Jamil,Lesch,South Brooklynhaven,Alabama,HotPink,16:46:56
Grant,Ebert,West Elise,North Dakota,FireBrick,16:04:28
Rolando,Effertz,Lomafurt,Montana,CadetBlue,09:49:21
Tyshawn,Jaskolski,South Jarredstad,Virginia,SpringGreen,22:39:11
Naomie,Schmidt,East Madaline,Mississippi,Fuchsia,12:31:44
Tamara,Beatty,Robelchester,New Hampshire,PowderBlue,18:43:23
Aileen,Ortiz,Velmaburgh,Oregon,LemonChiffon,21:55:54
Jermey,Hettinger,Jeffreyfort,Georgia,DarkBlue,03:34:44
Bradly,Marvin,Sibylhaven,Indiana,White,18:55:20
Filomena,Herzog,Dawsonhaven,Montana,Yellow,04:17:29
Arnulfo,Padberg,West Shanelfurt,Minnesota,SeaShell,08:58:05
Lura,Schroeder,New Yvonnemouth,Texas,OrangeRed,12:31:38
Shakira,Dooley,North Eloiseport,Massachusetts,DarkOrchid,20:44:35
Terrill,Lind,Lemkemouth,Idaho,Beige,18:18:15
Nicklaus,Jast,Shieldsshire,Mississippi,MediumPurple,03:12:17
Cordell,Abbott,North Jeff,Michigan,DeepPink,02:45:26
Eugene,Little,South Rosetta,Hawaii,MediumSlateBlue,16:43:54
Mathias,Ondricka,Schmittfurt,Arizona,Tan,20:29:18
Maritza,Lemke,Vernieberg,Michigan,ForestGreen,12:08:49
Skye,Rath,South Javier,Louisiana,DarkRed,18:46:31
Kameron,Schinner,South Monserrat,Kentucky,Coral,22:43:26
Russel,Crooks,Townemouth,Alaska,DarkGoldenRod,07:13:48
Austen,Hessel,New Micaelamouth,New Jersey,LightSeaGreen,10:51:01
Winston,Gibson,New Melodymouth,New Mexico,Orchid,17:55:12
Reuben,Rau,Dashawntown,Louisiana,LightSlateGray,18:00:04
Malachi,Skiles,Lake Pasqualeburgh,Maryland,BlueViolet,23:45:52
Sophia,Jenkins,Tysonton,Vermont,OliveDrab,17:45:04
Lue,Fay,Croninmouth,Maryland,DarkRed,18:09:42
Mafalda,Christiansen,Port Niahaven,North Carolina,YellowGreen,06:30:35
Princess,Carter,Magdalenview,Virginia,Peru,21:55:52
Carlee,Franecki,East Reaganport,Washington,Ivory,19:30:23
Kennedy,Parisian,Mosesstad,Arizona,Plum,14:25:24
Dewitt,Breitenberg,Port Jarrod,Delaware,Yellow,19:43:21
Esteban,Kub,Darlenefort,North Carolina,Silver,21:21:01
Dean,Abernathy,Edton,Mississippi,SteelBlue,17:16:24
Aimee,Satterfield,Gussieburgh,Iowa,LemonChiffon,13:00:35
Alison,Schuppe,Colemouth,Washington,DarkMagenta,10:23:35
Madge,Zulauf,New Paololand,Mississippi,Linen,21:01:29
Eileen,Paucek,New Madelynn,Missouri,DarkSalmon,08:12:00
Bell,Ebert,Amparoside,Arizona,MediumVioletRed,16:17:31
Ashleigh,Gorczany,Lake Elveraland,Wisconsin,FireBrick,03:37:33
Andreanne,Dietrich,New Destany,New York,DarkGray,08:30:29
Vanessa,Hettinger,North Jerrodbury,Washington,DarkGoldenRod,22:35:19
Nils,King,Geoffreyport,Vermont,Violet,20:41:07
Edgardo,Brown,Percivalborough,Iowa,DarkViolet,02:20:08
Maegan,Jakubowski,New Jaimeside,New York,Yellow,11:46:02
Esperanza,Bernier,Cruickshankview,Nebraska,YellowGreen,22:44:25
Alexie,Bruen,Steuberport,Oklahoma,Moccasin,03:13:24
Austyn,O'Reilly,Wintheiserport,Georgia,DarkCyan,09:50:45
Jimmie,Schumm,Newtonfurt,Arkansas,IndianRed,00:30:55
Kamren,Gulgowski,West Madaline,Wisconsin,LightCoral,23:01:00
Lilliana,Koelpin,Kihnborough,Colorado,OrangeRed,00:09:07
Charlene,Wolf,Brandyhaven,Delaware,DarkGoldenRod,04:14:06
Dane,Abbott,West Michaelport,Alabama,DarkCyan,06:29:19
Megane,Stokes,Abdullahburgh,Arizona,CornflowerBlue,15:53:23
Frederick,Lebsack,Emeraldburgh,South Dakota,LightYellow,15:39:09
Reilly,Wunsch,West Quintonshire,Texas,PeachPuff,00:03:21
Jeffery,Kuphal,Port Philipberg,Ohio,MediumPurple,06:49:01
Julio,Christiansen,East Malikaland,Mississippi,Wheat,09:27:46
Mollie,Russel,North Tate,South Dakota,SaddleBrown,19:28:20
Helmer,Dickinson,Jeanetteton,Tennessee,LightSteelBlue,21:10:07
Mohammad,Smith,Port Vestaland,Washington,LightYellow,19:03:42
Constantin,Schimmel,Pagacstad,Alabama,Gold,15:26:07
Dortha,Larkin,Hardyshire,Colorado,DarkKhaki,23:48:54
Gloria,Hand,Emmetport,Hawaii,LemonChiffon,05:38:02
Therese,Kessler,Clintville,California,LavenderBlush,09:46:06
Laurianne,Jacobi,Marciamouth,Arizona,White,08:45:03
Garett,Moen,Merlinton,Colorado,ForestGreen,12:40:14
Stacey,Roob,Trantowberg,Rhode Island,Violet,06:18:03
Larissa,Herman,Hirtheland,Hawaii,PaleGreen,17:14:22
Kattie,Kirlin,Lake Wilmaport,Nebraska,Turquoise,11:19:39
Heloise,Weber,North Luisshire,Missouri,FireBrick,00:03:11
Pasquale,Bogisich,Kittymouth,Louisiana,Crimson,07:25:29
Dante,Haley,East Dellstad,Alabama,Maroon,01:03:16
Lawson,Marks,South Jocelyn,New Mexico,MediumAquaMarine,01:01:12
Angelica,Littel,North Maddison,Arizona,Chartreuse,16:15:37
Velva,Walker,New Luisa,New York,LawnGreen,07:00:00
Catherine,Sporer,Mitchellview,Nebraska,FloralWhite,06:11:59
Santina,Spencer,Coleside,Kentucky,Gold,04:11:51
Mortimer,Gorczany,Lake Alfredaview,Kansas,Cyan,09:10:50
Angelita,Macejkovic,Altenwerthtown,Kentucky,OrangeRed,00:04:23
Pat,White,South Gerald,New Hampshire,Gold,03:13:26
Alexa,Grant,Keeganmouth,New Mexico,DarkGoldenRod,00:29:16
Wilhelmine,DuBuque,New Lindsaymouth,New Jersey,OrangeRed,17:03:56
Summer,Nolan,Shanyfort,Arkansas,SaddleBrown,09:48:30
Amanda,Schamberger,South Jaylontown,Texas,DarkRed,16:56:34
Cole,Gerlach,Kuphaltown,Georgia,MediumPurple,02:54:36
Estevan,Kassulke,New Rodrigostad,Iowa,Gold,17:36:53
Adrian,Hessel,East Audieport,Montana,Green,06:30:37
Durward,Hermann,Careyland,Ohio,MediumAquaMarine,06:42:41
Garrison,Kozey,North Felicitaland,Wisconsin,DarkOrchid,01:39:36
Rosemarie,Trantow,North Nolanberg,New Jersey,FloralWhite,15:33:56
Marlon,Smith,Carmelabury,Missouri,Pink,14:29:23
Jeremie,Mante,Heathcoteport,Virginia,Beige,05:47:36
Verda,Kunde,East Sandrineburgh,Utah,LightGray,20:28:41
Wava,Gibson,New Clifton,Delaware,MintCream,17:04:17
Chadd,Upton,West Hellen,Maryland,Chocolate,17:13:40
Owen,Braun,Angelineview,Wisconsin,Salmon,23:36:37
Aiyana,Leuschke,Lake Luz,Idaho,Purple,02:01:36
Jessyca,Nader,Dickiton,Hawaii,MediumBlue,01:09:24
Hettie,Koepp,East Camdenmouth,Delaware,Aquamarine,23:58:03
Carlo,Stark,Alethaside,Texas,DimGrey,16:01:42
